empresa,quantidade
Meta,70
Amazon,65
Apple,61
IBM,57
Netflix,34
"Staffigo Technical Services, LLC",28
Facebook,25
Diverse Lynx,25
Google,24
Solekai Systems Corp,24
Southwest Research Institute,23
Varsity Tutors,21
Humana,20
GSK,19
TikTok,19
CyberCoders,19
Houston Methodist,17
J&J Family of Companies,17
Pfizer,16
Nationwide Children's Hospital,16
Kforce,15
Spark Therapeutics,15
PayPal,15
The University of Texas at Austin,14
****,14
Internal Revenue Service,14
USAA,14
Spotify,13
U.S. Navy,13
BioPhase Solutions,13
"JPMorgan Chase Bank, N.A.",12
Applied Research Laboratories,12
Lorven Technologies Inc,12
UC San Diego,11
Battelle,11
Wells Fargo,11
Tiger Analytics,10
Thrivent,10
Zoom,10
Tempus Labs,10
Kelly,10
Turner Broadcasting,10
Apex Systems,10
Capital One,9
Point72,9
Ascension,9
Lensa,9
University of Pennsylvania,9
APN Software Services Inc.,9
Capgemini,9
Deloitte,9
AARATECH,8
IntraEdge,8
Abbott Laboratories,8
Photon Infotech,8
"Management Decisions, Inc.",8
********,8
FanDuel,8
JPMorgan Chase & Co.,8
Mondo,8
eBay,8
Tempus,7
Microsoft,7
"Tetra Tech, Inc.",7
BayOne Solutions,7
Citi,7
Handshake,7
GradTests (gradtests.com),7
Caris Life Sciences,7
*****,7
Neurocrine Biosciences,7
"Avacend, Inc.",7
EY,7
Vanguard,7
Sense Corp,7
Georgia IT Inc.,7
CGI,7
Element Biosciences,7
UCB,7
Avani Technology Solutions,6
U.S. Air Force,6
PepsiCo,6
Thermo Fisher Scientific,6
GradTests (gradtests.com.au),6
Exponent,6
Robert Half,6
The Aerospace Corporation,6
NJF Global Holdings,6
Uplers,6
Grubhub,6
Aetna,6
CHOP,6
Citadel,6
eTeam Inc.,6
Collabera,6
GM Financial,6
Bristol-Myers Squibb,6
"Fate Therapeutics, Inc.",6
Infosys,6
Merck,6
MUFG,6
Sysmind LLC,6
Infotree Service Inc,6
Texas Health & Human Services Commission,6
WuXi AppTec,6
Eurofins,6
Dexcom,6
JPMorganChase,6
NVIDIA,6
Atlassian,6
Kforce Technology Staffing,6
Lockheed Martin,5
Pinterest,5
Nike,5
PyjamaHR,5
Andiamo,5
Citadel Securities,5
Piper Companies,5
Honey,5
******,5
Cognizant,5
City of Hope,5
Blueprint,5
Competentia Holding,5
CYNET SYSTEMS,5
Pro Lancer,5
Epiq,5
Cedars-Sinai,5
22nd Century Technologies,5
CVS Health,5
"CTI Clinical Trial Services, Inc",5
Guidehouse,5
Nucleusteq,5
GTN Technical Staffing,5
Zoom Video Communications,5
Harris Health System,5
Randstad,5
Lonza,5
Electronic Arts,5
Net2Source,5
The Walt Disney Company,5
General Dynamics Information Technology,5
H E B,5
Frontend Arts,5
Upstart,5
Xoriant Corporation,5
Discount Tire,5
Goldman Sachs,5
ByteDance,5
Entefy,5
Allegan General Hospital,5
IntelliPro Group Inc.,5
Experian,5
LTIMindtree,4
Hikma Pharmaceuticals USA Inc.,4
Root Insurance,4
Kognetics,4
Rivian,4
Natera,4
Shopee,4
Roku,4
Emerald Resource Group,4
NielsenIQ,4
Livongo,4
Tata Consultancy Services,4
"Object Technology Solutions, Inc.",4
IBM Corporation,4
InfoWay Solutions LLC,4
NTT DATA,4
Potomac Management,4
BioDuro,4
"Numeric, LLC",4
ESolutions Inc,4
Tek Leaders,4
CooperSurgical,4
Grant Thornton,4
"Onica, a Rackspace Company",4
Leidos,4
LiveMindz,4
Nationwide,4
DoorDash,4
LinkedIn,4
Illumina,4
Kforce Inc,4
Citibank,4
LMI,4
Allstate,4
Deacon Recruiting,4
United Services Automobile Association (USAA),4
Poseida Therapeutics,4
Lilly,4
Booz Allen Hamilton Inc.,4
PSI Pax,4
Procore Technologies,4
Applied Materials,4
University of Chicago,4
ServiceNow,4
Signature Consultants,4
Epsilon,4
Centene Corporation,4
Frontier Communications,4
Perkinelmer,4
CSL Behring,4
SADA,4
Capital Group,4
Jobot,4
Virtusa,4
Galvanize Inc.,4
University of Southern California,4
Walmart,4
Ford Motor Company,4
Lyft,4
Kairos Technologies,4
"Conch Technologies, Inc",4
DRW Trading Group,4
Maven Wave Partners,4
Samsung Research America,4
ingenium.agency,4
AstraZeneca,4
Etsy,4
Two Sigma,4
Match Group,4
JPMorgan Chase,4
NYU Langone Health,4
Tapestry,4
Tachyon Technologies,4
Abbott,4
*******,4
INSPYR Solutions,4
foodpanda,4
Petco,4
COLSA,4
Foley,4
Adobe,4
Takeda,4
Elder Research,3
"Capricorn Systems, Inc.",3
Twitch,3
Instagram,3
PETCO,3
US Department of Energy,3
Skiltrek,3
"Ascension Seton, TX",3
Chenega Corporation,3
US05 Lonza Houston Inc.,3
Northrop Grumman,3
Palo Alto Networks,3
Vertex Pharmaceuticals,3
Cypress HCM,3
Cash Store,3
Ayata,3
GRAIL,3
Miro,3
WB Technology,3
Morgan Stanley,3
Wise Men Consultants,3
Rosen,3
"Central Business Solutions, Inc",3
Kemper,3
Plume,3
PulsePoint,3
IFG Companies,3
Horne LLP,3
Sorrento Therapeutics,3
Walgreens,3
Callibus Inc,3
ProClinical,3
Group O,3
PwC India,3
SEI,3
STATS PERFORM,3
"The Judge Group, Inc.",3
*********,3
***,3
Capax Global,3
"GenapSys, Inc.",3
System Soft Technologies,3
BlueOptima,3
Aon,3
Prosum,3
Terracon,3
City of New York,3
BMO Financial Group,3
Ericsson,3
Nokia,3
Axelon Services Corporation,3
ROSEN USA,3
"Daman, Inc.",3
Cherokee Federal,3
JPS Health Network,3
Softcom Systems,3
*** *****,3
OGC Global,3
Onica Group,3
NPD,3
Housecall Pro,3
Northwestern Memorial Healthcare,3
"Digital Intelligence Systems, LLC",3
Chicago Public Schools,3
mPulse Mobile,3
Kubota Tractor Corporation,3
TEEMA,3
"BD (Becton, Dickinson and Company)",3
Rose International,3
J.P. Morgan,3
Mirati Therapeutics Inc,3
Green Key Resources,3
CoreLogic,3
IntePros,3
Two95 International Inc.,3
Cottonwood Financial,3
Themesoft Inc,3
Systems Evolution,3
Strivr,3
The Trevor Project,3
Quantlab,3
"Insight Enterprises, Inc.",3
Maine Pointe,3
Roche,3
Freestar,3
NantKwest,3
TechUSA,3
Pharmaceutical Product Development,3
LyondellBasell,3
Datadog,3
Docusign,3
Squarespace,3
Walt Disney Co.,3
Thomson Reuters,3
Insight Global,3
Bazaarvoice,3
Excite Health Partners,3
ASOS.com,3
McKinsey & Company,3
Mastercard,3
BlueLabs,3
D. E. Shaw & Co.,3
Allscripts,3
Boston Consulting Group,3
BD,3
Axos Bank,3
Financial Services Company,3
CIA,3
ExxonMobil,3
Fate Therapeutics,3
Zynga,3
The Accuro Group,3
The Zebra,3
ConcertAI,3
Koch Industries,3
"Iconma, L.L.C.",3
Sphinix Solutions,3
Vividion Therapeutics,3
Comcast,3
Jazz Pharma,3
STEVENS CAPITAL MANAGEMENT LP,3
Contingent Network Services,3
Ascendion,3
Ava Consulting,3
Federal Reserve Bank,3
Kalderos,3
Integrated Resources,3
ORS Partners,3
Notion,3
InfoQuest Consulting Group,3
KPMG India,3
"Internet Brands, Inc.",3
Mr. Cooper,3
Deloitte & Touche L.L.P.,3
Balyasny Asset Management,3
Adaptimmune,3
GoHealth,3
Chubb Life New Zealand,3
Eurofins Scientific,3
Gallup,2
Perpay,2
Eli Lilly And Company,2
Virtus Partners,2
Crypto.com,2
SmartDrive Systems,2
Itility,2
nfolks,2
Wood,2
Stride Search,2
Insight UK,2
Cirrus Logic,2
Arrowhead Pharmaceuticals,2
Central Health,2
Slalom LLC.,2
amerihealth,2
BuildGroup Data Services,2
Kinder Morgan,2
Seer Interactive,2
KPISOFT,2
Huxley,2
Pioneer Consulting Services LLC,2
Pluto7,2
Averity,2
Abzena,2
Cedar,2
TECHNOCRAFT Solutions,2
BlackLine Systems,2
Tetra Tech,2
Infinity Consulting Solutions,2
Logic Planet,2
"Harry and David, LLC",2
Qurate Retail Group,2
HCC Life Insurance,2
SAP,2
Web Shop Manager,2
TuSimple,2
Milliman,2
La Fosse,2
"ZeniMax Media, Inc.",2
Assembly,2
AVANADE,2
Sysco,2
Microagility,2
Clockwork Solutions,2
Banco Bradesco,2
BDO USA,2
Thales,2
ICICIDirect,2
ApTask,2
Affinity Solutions,2
21st Century Fox,2
FireEye Inc,2
Coca-Cola HBC,2
Ipsos North America,2
Millennium Health,2
Mercedes-Benz Malaysia,2
Juniper Networks,2
Synthetik Applied Technologies,2
StreetID,2
Enlighten,2
"Mission Technologies, a division of HII",2
First Tech Federal Credit Union,2
Oracle,2
KeyBank,2
Quotient Sciences,2
John Deere,2
Harris County,2
Clearwing Consulting,2
Irvine Technology Corporation,2
CDK Global,2
Texas Water Development Board,2
Booz Allen Hamilton,2
Radiant Digital,2
IPT Associates,2
ResMed,2
Cue,2
ICW Group,2
Fox Corporation,2
Oracle Database,2
Tokio Marine HCC,2
Prudent Technologies & Consulting,2
Aditi Consulting,2
Neotalent Conclusion,2
Calm,2
"InfoVision, Inc.",2
"Resource Logistics, Inc.",2
ViacomCBS,2
Air Education and Training Command,2
Lawrence Livermore National Lab,2
Caserta,2
CrowdRise,2
Carma Search,2
GNY Insurance Companies,2
Medidata Solutions,2
Bowery Farming,2
NortonLifeLock,2
Octo Consulting Group,2
Hopper,2
Grifols,2
VIA Technical,2
Peraton,2
The GBS Group,2
Uptake,2
"EtiVenture, Inc.",2
SNIPEBRIDGE,2
University of Texas at Austin,2
Jane Street,2
Quartet Health,2
Samsung Electronics,2
ICF,2
Integral Ad Science,2
CultureFit Technology Staffing,2
Wondfo USA,2
American Airlines,2
PROPRIUS,2
"AveXis, Inc.",2
PDI,2
American Red Cross,2
"ServiceNow, Inc.",2
La Jolla Institute for Allergy and Immunology,2
"Queen Consulting Group, Inc.",2
Smith Hanley Associates,2
Gossamer Bio,2
"Level Ex, Inc.",2
IQVIA,2
L.A. Care Health Plan,2
Hologic,2
Slice,2
Bank of America,2
Conagra Brands,2
"PDS Tech, Inc.",2
JD.com,2
RPM ReSearch,2
FINRA,2
Carisma Therapeutics,2
Show Me Leads,2
Ciright,2
Stripe,2
HMS,2
SysMind,2
SpringML,2
FinThrive,2
Keylent,2
eHealth,2
HMS Holdings,2
Federal Reserve Bank (FRB),2
Jubilant FoodWorks Ltd.,2
nFolks Ltd,2
Karius,2
TMP WORLDWIDE,2
Venmo,2
Checkout.com,2
Leap,2
dunnhumby,2
Delmarva Foundation,2
Jam City,2
Associated Bank,2
Chan Zuckerberg Initiative,2
Mitchell Martin,2
Slalom,2
360pi,2
Vinli,2
LaBine & Associates,2
"Netflix, Inc.",2
Finfare Inc.,2
NBC Universal,2
"Spalding Consulting, Inc.",2
BlackLine,2
Lucid Motors,2
Samsung NEXT,2
PriceSenz,2
Booz Allen,2
"J Harlan Group, LLC",2
Edward Daniels Group,2
SDL,2
Spectrum,2
Contemporary Staffing Solutions,2
Keurig Dr Pepper Inc.,2
Pddn,2
Snap,2
Flatiron Health,2
MediaMath,2
Mastech Digital,2
"Sunrise Systems, Inc.",2
Foursquare,2
iRobot,2
"PRIMUS Global Services, Inc",2
Rockstar Games,2
TechProjects,2
Sharpedge Solutions Inc,2
SkillSoniq,2
Artech LLC,2
Susquehanna International Group,2
NEXT Trucking,2
Indeed,2
Jabil Circuit,2
Applied Information Sciences,2
CloudFlare,2
true[x],2
Center for Sustainable,2
Numero Data,2
BioLegend,2
Authentic Brands Group,2
softsnippets,2
Simply Biotech,2
MWRD of Greater Chicago,2
Riskonnect,2
Toyota North America,2
"Data-Core System, Inc.",2
Thrasio,2
Nextgen Technologies,2
KLM Careers,2
"7-Eleven, Inc.",2
Strike Social,2
AutoGrid Systems,2
Evolvinc,2
Steady,2
Ernst & Young LLP,2
Edgilent Corp.,2
Undertone,2
Avtech solutions,2
Ateroz,2
IDC Technologies,2
Trianz,2
Entera,2
Lidl,2
The Trade Desk,2
Forfeiture Support Associates,2
Aspiration,2
"Zachary Piper Solutions, LLC",2
Care Advisors Inc,2
Mobilityware,2
Caterpillar,2
Civis Analytics,2
Cyber Warrior Network,2
ON Semiconductor,2
Tech Quarry,2
Neostella,2
UPS,2
Atos Syntel Inc.,2
Colliers,2
National Education Partners,2
"TekCom Resources, Inc.",2
"Amyx, Iinc.",2
UC Davis Medical Center,2
Charles Schwab Corporation,2
Galvanize,2
CDO Technologies Inc,2
CompQsoft,2
Victory Capital Management Inc.,2
"Spirovant Sciences, Inc.",2
"Amyx, Inc.",2
"ICST, LLC",2
Zest AI,2
"NTT DATA, Inc.",2
Shutterfly,2
ARC Group,2
Eurofins USA Environment Testing,2
Inovio Pharmaceuticals,2
EvolvInc,2
YASMESOFT INC,2
Diversant LLC,2
Youth Power Technosoft LLC.,2
Impetus Technologies,2
AppFolio,2
Scientific Technologies Corporation,2
Adwait Algorithm,2
Triplebyte,2
Neiman Marcus,2
Methodist Hospital Stone Oak,2
City National Bank,2
S&P Global,2
Headfarmer,2
Exiger,2
Horn Solutions Inc.,2
Dentsply Sirona,2
Kite Pharma,2
Encore Consulting Services,2
Sony Interactive Entertainment,2
Camden Kelly Corporation,2
Ho Chunk,2
Hays,2
Quevera LLC,2
MELISSAKING (MK),2
Sonora Quest Laboratories,2
EUROFINS SCIENT.,2
"Rainmaker Resources, LLC",2
BICP,2
Gryphon Technologies,2
"Groundwater & Environmental Services, Inc.",2
Sicoob,2
Kaiser Permanente,2
Federal Reserve Bank of Dallas,2
Hewlett Packard Enterprise,2
Cincinnati Bell Technology Solutions,2
CenterPoint Energy,2
Silicon Valley Bank,2
Horizon Corp,2
Buckeye Community Health Plan,2
Sierra Business Solution LLC,2
CreditNinja,2
Buchanan & Edwards,2
iHeartMedia,2
Tata Consultancy Services (North America),2
Alaka`ina Foundation Family of Companies,2
B E A T LLC,2
"Twitch Interactive, Inc.",2
B.E.A.T.,2
PwC Acceleration Centers,2
Schneider Electric,2
HNI,2
The Paragon Group,2
"Ke`aki Technologies, LLC",2
thredUP,2
"CICONIX, LLC",2
Saggezza,2
Immuta,2
ICONMA,2
PeopleNTech LLC,2
Trace3,2
Tech Finders,2
The Buffalo Group,2
SAG-AFTRA Health Plan and SAG-Producers Pension Plan,2
"Clarivoyant, LLC",2
"HumCap, Inc.",2
"HRCap, Inc.",2
Scaleworks,2
"Circle K Stores, Inc.",2
Chewy,2
Reliable Software Resources,2
OptumCare,2
DHL,2
"Allstate Insurance - 1202 Irving, TX",2
On-Board Companies,2
University of Texas at Arlington,2
Numerator,2
The Honest Company,2
Collaborative Solutions,2
Arcadis UK,2
Sphere Software LLC,2
KUNGFU.AI,2
Lucky Day,2
Kelsey-Seybold,2
CorTech LLC,2
AllSTEM Connections,2
Fanatics,2
Arbutus Biopharma,2
Discount Tire Corporate Careers,2
Swinerton,2
CRS Group,2
Ethoca,2
Voca,2
Unitedhealth Group,2
HP Inc.,2
Black Knight Financial Technology Solutions,2
24 Hour Fitness,2
AbbVie,2
Vastika,2
Blinq,2
Enjoy Technology,2
LPL Financial,2
A2C Consulting,2
American Economic Association,2
One,2
Recro,2
Black Knight Inc,2
"Health Management Systems, Inc.",2
Activision Blizzard,2
pddninc.net,2
Largeton Group,2
University of California - San Diego Medical Centers,2
"Integrated Resources, Inc",2
ALERE,2
EAG Services,2
Redwood Materials,2
Talent Acquisition Québec,2
iFood,2
"CliniComp, Intl.",2
PointClickCare,2
Gopuff,2
Greystones Consulting Group LLC,2
Accenture,2
Crédit Mutuel Méditerranéen,2
Assurances Crédit Mutuel,2
MOA,2
UTHealth Houston,2
"Object Technology Solutions, Inc. (OTSI)",2
Gilead Sciences,2
Cinepolis Corporativo,2
JAMY INTERACTIVE,2
Alliance Source Testing,2
Quizlet,2
Eli Lilly and Company,2
Ibotta,2
Snap Inc.,2
Nikola Motor Company,2
SNI Technology,2
Autodesk,2
BTG,2
CACI International,2
Oakley,2
Nuro,2
De Lage Landen,2
Acorns,2
University Health System,2
Cisco,2
Explore Group,2
Helios,2
UCLA Health,2
IHS Markit,2
Axiom Group,2
"ConsultNet, LLC",2
PT Indofood CBP Sukses Makmur Tbk - Noodle Division,2
Medical Cost Containment Services Inc.,2
Costco Wholesale,2
LyondellBasell Industries,2
American Express,2
Discord,2
Blue Cross Blue Shield of Florida,2
RELX Group,2
PNC Financial Services Group,2
Beachbody,2
Tech Consulting,2
Eleven Recruiting - CHURN,2
Amazee Global Ventures Inc,2
BMO,2
RAPP,2
The NDN Companies,2
Enterprise Solutions Inc,2
University of Texas at San Antonio,2
PREDICTif Solutions,2
"Integrated Technology Strategies, Inc.",2
Johnson & Johnson,2
Old Mission Capital,2
Square,2
Bits and Binaries Inc,1
Atos,1
Avantax Wealth Management,1
Human Coalition,1
MSYS Inc.,1
Lorien,1
Yeti Technologies,1
Trinity Industries,1
CAE,1
"Telnet, Inc.",1
TLP Consultancy Ltd,1
Reddy Ice,1
Parkland,1
Athreya Inc,1
Xcelo Group,1
StaffingSoft Inc.,1
"DataSys Consulting and Software, Inc",1
adept scripts,1
Target,1
Shiro Technologies,1
Yum! Brands,1
AKT London,1
Almosafer,1
Adecco,1
StatusNeo,1
Aston Martin F1 Team,1
Dallas County,1
Iconic Technology Group,1
Camil Alimentos S/A,1
First American Financial Corporation,1
SJ Communication Design,1
Atos Healthcare,1
"CGI Technologies and Solutions, Inc.",1
Stellent IT LLC,1
Brinks Home Security,1
UT Dallas,1
Prudent Technologies and Consulting,1
Dialexa,1
Credera Experienced Hiring Job Board,1
IMG Systems,1
Financial Additions,1
TekniSMart Solutions,1
VITALWARE LLC,1
Signify Health,1
Palnar,1
UT Southwestern Medicial Center,1
Pieces Technologies,1
"Six Flags, Inc.",1
State Farm,1
PSG Global Solutions,1
PeopleFun,1
Raytheon Intelligence & Space,1
BrightPoint Solutions,1
AmerisourceBergen,1
Lennox International,1
Pion,1
HCLTech,1
RealPage,1
Meso Scale Diagnostics,1
HumCap Inc.,1
Texas Scottish Rite Hospital for Children,1
Predictive Research Inc,1
M9 Solutions,1
"Koniag, Inc.",1
Valero Energy Corporation,1
Valero,1
Gridiron IT Solutions,1
Ionidea,1
C2 GPS- Alamo Workforce,1
"York Solutions, LLC",1
Keaki Technologies,1
Speridian Technologies LLC,1
Vinsari,1
IT Pros,1
"Lumaxia Consulting, LLC.",1
University of Miami Health System,1
Corporate G. LLC,1
The Nature's Bounty Co.,1
Knowesis Inc.,1
Alakaina Family of Companies,1
ka-hoot,1
M3 USA,1
"Law School Admissions Council, Inc.",1
Pharmaceutical,1
Fred Beans,1
Enverus,1
Eisai US,1
AETEA Information Technology Inc,1
Keystone Industries,1
Cooper University Health Care,1
"Pyramid Consulting, Inc.",1
Main Line Health,1
Oneida ESC Group,1
VIA Metropolitan Transit,1
"Cherokee Nation Businesses, LLC",1
Danta Technologies,1
Gathi Analytics,1
The Nature’s Bounty Co,1
Spectrum Comm,1
"BB&E, Inc.",1
BioBridge Global,1
Accenture Contractor Jobs,1
Methodist Hospital Metropolitan,1
UnitedHealth Group,1
Methodist Hospital Northeast,1
Wits Solutions,1
JTEC Consulting LLC (A Veteran-Owned Small Business),1
Leading OTC Pharma Manufacturer,1
NJVC,1
Parmesoft Inc.,1
Leonie Industries,1
Convene Technologies,1
Chenega Healthcare Services,1
South Texas Radiology Group PA,1
Air Force Materiel Command,1
Mylan Inc.,1
Huntington Ingalls Industries,1
"IPSecure, Inc.",1
HCL Technologies Ltd.,1
Navigant Consulting,1
Principle Auto,1
"Technocrafts, Inc.",1
Circles,1
Sogeti,1
Artefact,1
TEKsystems,1
C6 Bank,1
Stok,1
Asana,1
Aer Lingus,1
Doing Things,1
Hanson Lee,1
A Place for Mom,1
US Tech Solutions Inc.,1
University of the Sciences,1
Optum,1
"BLDS, LLC",1
DL Staffing Solutions,1
Swift,1
Elsevier,1
Peoplentech,1
Thomas Jefferson University Hospital,1
Oncora Medical,1
Oatly,1
SDI Inc,1
"Login Consulting Services, Inc",1
Eurofins USA BioPharma Services,1
Stell,1
Health Union,1
RennerBrown,1
PVK Corporation,1
"SHS, Incorporated",1
Flamma USA,1
Ubertal Inc,1
The Fountain Group,1
Pharmica Consulting,1
InCyte,1
Ettain Group,1
Globex Digital Solutions,1
HealthVerity,1
Axtria,1
K-Tek Resourcing LLC,1
PPD,1
"Computer Enterprises, Inc.",1
RCM Technologies,1
SwanBio Therapeutics,1
Integress Inc.,1
ShimentoX,1
Simera,1
Philadelphia 76ers - HBSE,1
Jconnect Infotech Inc,1
Angeion Group,1
gettacar,1
Tata Elxsi,1
Boeing,1
AccessLex Institute,1
Freedom Mortgage,1
Profound,1
NextGen Global Resources LLC,1
FredBeans,1
First Quality Enterprises Inc,1
Amplytics,1
University of California,1
VLink Inc.,1
Wood PLC,1
"DTx Pharma, Inc",1
Advanced Sciences and Technologies (AS&T),1
The Rock Church,1
Absorption Systems,1
Vertex Pharmaceuticals Inc (US),1
Pave Talent,1
"FaceTec, Inc.",1
ASML,1
Stem,1
Amentum,1
EPM Scientific,1
CAMRIS International,1
Inseego,1
SVK Technology Solutions,1
Eclipse BioInnovations,1
ATAI Life Sciences AG,1
Peraton Corporation,1
HealthStream,1
Expesicor,1
SVK Technology Solutions Inc,1
Bluestar Genomics,1
"HFE, Inc",1
MITRE,1
"Monoceros Biosystems, LLC",1
Shield AI,1
Curemetrix,1
"Samsung Semiconductor, Inc.",1
INVIVOSCRIBE INC,1
"Locana, Inc.",1
Beckman Coulter Life Sciences,1
Level Up Talent,1
MedImpact,1
"Lassogen, Inc.",1
Accelrys,1
Absorption,1
Ferring Pharmaceuticals,1
Qualcomm,1
Parkland Center for Clinical Innovation,1
Cytracom,1
40K INC,1
HHS Technology Group,1
Quidel Corporation,1
"Verity, A HealthStream Company",1
AbleForce,1
"AbleForce, Inc.",1
Interpreta,1
AnaptysBio Inc,1
Epic Sciences,1
BroadPharm,1
"BlueNalu, Inc.",1
Russell Tobin & Associates,1
Laboratory Corporation of America,1
"NanoSD, Inc.",1
Turning Point Therapeutics,1
American Specialty Health Incorporated,1
Samsung Electronics America,1
"1798, LLC",1
Encore Capital Group,1
The Scripps Research Institute,1
Haybury,1
Etiqa Insurance Singapore,1
ProSci,1
Cuker,1
SiO Digital,1
"Invivoscribe, Inc.",1
Realty Income,1
Emergent BioSolutions,1
Seismic,1
Sekisui Diagnostics,1
Sysintelli,1
Synectics Inc.,1
BTS Research,1
OME Wellness,1
Midland Credit Management,1
Crown Bioscience,1
Inter,1
americanas s.a.,1
SiteZeus,1
Birlasoft,1
Eviden,1
Cogna Educação,1
Bright Purple,1
Toyota Financial Services (UK) PLC,1
Searchability®,1
"The McConnell Group, Inc",1
Texas Biomedical Research,1
KCI Licensing,1
Kuaishou Technology,1
LATITUDE Pharmaceuticals,1
Enhance IT,1
Sayva Solutions,1
Tandem Diabetes Care,1
StepStone,1
"Encodia, Inc.",1
DFO Global Performance Commerce Limited,1
Operation Samahan Health Clinic,1
ProSci Inc.,1
Client Solution Architects,1
Lilly Pharmaceuticals,1
Phanes Therapeutics Inc,1
"immunoSCAPE, Inc.",1
General Atomics and Affiliated Companies,1
California State University,1
Kaygen Inc,1
Park Computer Systems INC,1
Qualcomm Incorporated,1
Sharp HealthCare,1
Cardea,1
ProMedia,1
Atlas General Insurance Svcs,1
Mercato,1
Conflux Systems Inc.,1
Decipher Biosciences,1
San Diego Gas & Electric,1
SDSU Research Foundation,1
"ASK Staffing, Inc.",1
Procede Software,1
FHLB of Dallas,1
NT Concepts,1
Mindteck,1
Company Confidenital,1
Fidelity TalentSource,1
"Amvotech Solutions, Inc",1
Tenaska,1
Thinkfind Corporation,1
Eversight,1
CAS,1
Dash Technologies Inc,1
Olive,1
Seamless AI,1
The Ohio State University Wexner Medical Center,1
RedRiver Systems L.L.C.,1
Terminal Contacts LLC,1
Populus Financial Group,1
DSW,1
Reef Systems,1
Cessna,1
Textron,1
Bell Helicopter,1
Rotoplas USA,1
Bio-Rad,1
"ACTS, Inc.",1
"Tetra Tech Technical Services, Inc.",1
"Quadrant, Inc.",1
Kaeppel Consulting,1
Venus Fashion,1
American Recruiting & Consulting Group,1
"Global Technical Talent, LLC",1
Node.Digital LLC,1
Mosaic Sales Solutions,1
"Scuttlebutt Services, LLC",1
L&T Infotech,1
American Recruiting and Consulting Group,1
Finite State,1
"Marker, Inc.",1
Deep Lens,1
"UNICON International, Inc",1
Tephra Inc.,1
Economic and Community Development Institute,1
"Cognitive Recruiting Solutions, LLC",1
Beam Dental,1
Incendia Partners,1
Beacon Hill Staffing Group,1
ASK Chemicals,1
DHL Express,1
RYZE,1
iSpot,1
Webologix Ltd/ INC,1
"Dedicated Tech Services, Inc.",1
DATAECONOMY,1
Abercrombie and Fitch Co.,1
Lightbeam Health Solutions,1
"Hilltop Holdings, Inc.",1
Ace Cash Express,1
"Suncap Technology, Inc.",1
Cerberus Capital Management,1
AARP,1
Colibri Group,1
InterEx Group,1
Scotts Miracle-Gro,1
Nextdoor,1
CAVA,1
Sony,1
Natural Resources Conservation Service,1
Abercrombie & Fitch Co.,1
Data Systems Integration Group Inc,1
Path Robotics,1
DSW (Designer Brands Inc.),1
The Ohio State University,1
Salt,1
Calsoft Labs,1
Valkyrie Intelligence,1
Pro-Sphere Tek,1
National Instruments Corporation,1
Infoblox Inc.,1
Integral,1
Chipton-Ross,1
"Universal Solutions International, Inc.",1
North Central Texas Council of Governments,1
Dutech Systems Inc,1
L7 Informatics Inc,1
Ademco Inc.,1
"Austin Staffing, Inc.",1
NaviSite,1
Worldwide Clinical Trials,1
Nigel Frank International US,1
"NextXap, Inc.",1
SAIC,1
Teacher Retirement System of Texas,1
Samsung Austin Semiconductor,1
OBXtek,1
Bright Health,1
TEXAS EDUCATION AGENCY,1
VIAHART,1
Hyliion,1
Ethos Life,1
"Quantilus, Inc",1
Onnit,1
Aceable,1
Iris Plans Inc.,1
Texas Education Agency,1
General Dynamics,1
"SAS Institute, Inc",1
"Latitude, Inc.",1
Unizin,1
Sonic Healthcare USA,1
911 Datamaster Inc,1
TEXAS DEPARTMENT OF PUBLIC SAFETY,1
Molecular Templates Inc,1
Global Foundries,1
Civitech,1
Shands Jacksonville,1
Abacus Service Corporation,1
One Call,1
Lutheran Services Florida,1
"FireEye, Inc.",1
Financial Planning and Analysis,1
"Clearsense, LLC",1
TekPartners,1
Crowley Maritime,1
Alluvion Staffing,1
Home Depot,1
United Software Group,1
Headway Tek Inc,1
Software Guidance & Assistance,1
Praetorian,1
Numentica LLC,1
Clinical Pathology Laboratories,1
Dell Technologies,1
Texas Association of Counties,1
Concordia University Texas,1
"Resideo Technologies, Inc.",1
Intelligent Waves LLC,1
"TalentBurst, Inc.",1
SGA Inc.,1
Florida Blue,1
Infomatics Corp,1
Energy Authority,1
CSI Tech Inc.,1
Springhead Technologies,1
Experfy,1
Texas Health and Human Services Commission,1
Concordia University of Austin TX,1
Accolite Inc,1
HII,1
Hibbett | City Gear,1
Murphy USA,1
International Rescue Committee,1
The State of Florida,1
The Swift Group,1
Freddie Mac,1
Noblis,1
Huntington Bancshares Inc,1
"NextEra Logic, LLC",1
Woodiewin Technologies,1
"Ingenio, LLC",1
Reveleer,1
University of Rochester,1
Metropolitan Police Department,1
Cary Institute of Ecosystem Studies,1
MEDSTAR HEALTH,1
Eikon Therapeutics,1
INTEL,1
Tufts University,1
BAE Systems,1
TAMKO Building Products LLC,1
Cloud destinations,1
Raag Solutions,1
INISGHT2PROFIT,1
The Hartford,1
Hubcom,1
"C-Star Solutions, LLC",1
omega solutions inc,1
Parsons,1
Andromeda Systems Incorporated,1
Sev1Tech,1
US Internal Revenue Service,1
Alpine Physician Partners,1
Chickasaw Nation Industries,1
LeverX Group,1
Providence,1
"Arch Systems, LLC",1
CEDENT,1
Nextstep Technology Inc,1
Customer Value Partners,1
CACI,1
Cyber Sphere LLC,1
King and Spalding LLP,1
BlueOval SK,1
T-Mobile,1
Maxis Clinical Sciences,1
Sarepta Therapeutics,1
The Voleon Group,1
McKesson,1
"Xilis, Inc.",1
California Institute of Technology,1
SRS Distribution - McKinney,1
ExecutivePlacements.com,1
PlantSustain Inc.,1
Syntelligent Analytic Solutions,1
Southern Glazer’s Wine and Spirits,1
2U,1
STLogics,1
Yale University,1
Bvlgari,1
Verizon,1
University of Southern Mississippi,1
DISH,1
Neogene Therapeutics,1
Fusion Innovation,1
Envision Pharma Group,1
ProFocus,1
Drury Hotels,1
Empower,1
Queens District Attorney's Office,1
Company: Bureau Veritas,1
Absolute Business Solutions Corp,1
Johns Hopkins Applied Physics Laboratory (APL),1
Data Resource Technologies,1
ComResource,1
Creative Financial Staffing,1
Safelite,1
NorthBay Solutions,1
Zllius Inc.,1
Stanford University,1
Intellisource Colorado LLC,1
The J. M. Smucker Company,1
IT Consulting Services,1
Magna International Inc.,1
WALGREENS,1
HCSC,1
General Motors,1
The Standard,1
Xcel Energy,1
Boston Scientific Corporation,1
Deemsys Inc,1
Nationwide Childrens Hospital,1
"Aspen Careers, LLC",1
JASStek Inc.,1
Franklin University,1
L Brands,1
STATE OF OHIO,1
Eliassen Group,1
"Modern Technology Solutions, Inc.",1
R3 Tek,1
UES,1
Patelco Credit Union,1
National Space Defense Center (NSDC),1
Long Beach City College,1
UPMC,1
Ropes & Gray LLP,1
MagicSchool AI,1
US Office of Personnel Management,1
State Auto Insurance Companies,1
Cox Communications,1
Barbaricum,1
City of Seattle,1
Braintree Technology Solutions Inc.,1
The Church of Jesus Christ of Latter-day Saints,1
Infojini Inc,1
Plexus,1
Risk Solutions,1
Kandu Health,1
Scale AI,1
Protellhirestaffingsolution.com,1
Medtronic,1
GEICO,1
Academy Sports,1
"Amplify Education, Inc.",1
Visa,1
IPG Health,1
Transaction Network Services,1
JnJ,1
Northwestern Medicine,1
TriHealth,1
Ally Financial,1
Grit Government Solutions,1
University of Nebraska Medical Center,1
Hertz,1
"U.S. Xpress Enterprises, Inc.",1
WEX Inc.,1
SVB Capital,1
"II Corps Consultants, Inc.",1
Kikoff,1
University of Alabama at Birmingham,1
Hach,1
State of Ohio Jobs,1
Michelin,1
Alight,1
LeewayHertz,1
Verikai Inc.,1
Mentor Graphics,1
BillionToOne,1
Architecture Technology Corporation,1
Waymo,1
Amobee,1
Bruker Corporation,1
C3.ai,1
CA-One Tech Cloud,1
Federal Data Systems Inc,1
Intelliswift Software Inc,1
Genalyte,1
Miles,1
Point72 Ventures,1
MoTek Technologies,1
Farmers Business Network,1
Match Relevant,1
Mizuho OSI,1
Netskope,1
DJO,1
"ServiceLink, a Black Knight Company",1
"EITAcies, Inc.",1
Southwestern Family of Companies,1
Fairway Independent Mortgage,1
zacxo,1
Horizontal Talent,1
Della Infotech Inc.,1
Advatix Inc,1
Wingstop,1
Eitacies,1
InfoVision,1
Gartner,1
Staff Perm,1
Onyx CenterSource,1
Production Resource Group,1
Interstate Battery System of America Inc,1
ClientSolv Technologies,1
Risk Management Solutions (RMS),1
Stanford University School of Medicine,1
"Lightup Data, Inc.",1
Dtex Systems,1
Course Hero,1
LTI,1
CDK,1
TechNet Inc.,1
Next Insurance,1
Liftoff,1
"AppZen, Inc.",1
Bandai Namco Entertainment America,1
Accounting Principals,1
Earnin,1
Appen,1
Aisera,1
Scopus IT,1
Lab126,1
Gigya,1
Joby Aviation,1
Western Digital,1
Xcutives.com Inc,1
Blue River Technology,1
BitTiger,1
Vectra,1
Verizon Media,1
twoXAR,1
Airtime,1
Luminar Technologies,1
Epic,1
Health at Scale Corporation,1
Centraprise,1
Gayathri's Sandbox,1
Teladoc,1
Flexton,1
Plexova,1
BetterHelp,1
CloudPoint Systems inc.,1
Exeter Finance,1
Omnitracs,1
Anblicks,1
Alt Shift USA,1
Interestate Batteries,1
Buzops,1
datasysamerica,1
Ascendis Pharma,1
Methods+Mastery LLC,1
Vensoft Inc,1
DTCC,1
IT Minds LLC,1
"Global Channel Management, Inc.",1
eDataForce consulting LLC,1
Vaco Financial,1
Ksquare Solutions INC.,1
NTT DATA Corporation,1
"Telnet (Rockville, MD)",1
Addison Group,1
Hilltop Holdings,1
1,1
PROLIM Global Corporation,1
Comtek Group,1
Precision technologies corp,1
McCall and Lee,1
Fleishman-Hillard Inc,1
Apptricity Corporation,1
"Pinnacle Technical Resources, Inc.",1
PrideStaff,1
Mill Creek Residential Trust,1
National NeuroMonitoring,1
Federal Reserve Bank of Richmond,1
IQuest Solutions Corp,1
Lucid Technologies,1
NTT DATA Services,1
Pricesenz,1
FleishmanHillard,1
ServiceLink,1
Analytical Mechanics Associates,1
enwidth,1
LifePath Systems,1
"The Brixton Group, Inc.",1
GTA,1
OTSI,1
CES Limited,1
Toyota Connected,1
DISYS,1
IT Trailblazers,1
Provish Consulting,1
V R Della Infotech Inc,1
L3Harris,1
Conduent,1
Dealersocket,1
Noor Staffing,1
Amgenium,1
MilliporeSigma,1
loanDepot,1
Home Point Financial,1
Fairway Independent Mortgage Corporation,1
Bloomfield Homes,1
Trinity River Authority of Texas,1
Tachyon Technologies LLC,1
Ksquareinc,1
"BurnsSearch, LLC",1
Idexcel Inc.,1
Colfax Corporation,1
Global Technology Associates,1
YOH,1
EdvenSoft Solutions LLC,1
Mary Kay,1
Lob,1
"Vdrive IT Solutions, Inc",1
Jnit Technologies,1
Signature Science,1
CognitiveScale,1
TaskRabbit,1
Enview,1
Hotels.com,1
Blackbaud,1
SubjectWell,1
Scientific Games,1
Twitter,1
ARDOR IT SOLUTIONS,1
ISHPI Information Technologies,1
OnlineMedEd,1
"Pilytix, LLC",1
Clinicient,1
Santanna Energy Services,1
"Ultra Electronics, Advanced Tactical Systems",1
TxDOT,1
Wargaming,1
Wider Circle,1
NGENERA CORPORATION,1
Federal Data Systems,1
Whole Foods Market,1
SciPlay,1
Mott MacDonald,1
AlertMedia,1
Dun & Bradstreet,1
RunTitle,1
Publicis Digital Experience,1
Ascendum Solutions,1
EDGE10 Group,1
Fresenius Medical Care,1
Cubic,1
KGS,1
NxStage,1
Pushnami,1
Bigfoot Biomedical,1
Cloudflare,1
General Assembly,1
Uplink Talent Solutions,1
SAS Institute,1
SIERA.AI,1
Healthgrades,1
Staffing Technologies,1
Wellcare,1
Lightspeed Systems,1
NRCCUA,1
Saicon Consultants Inc.,1
E2open,1
MedSeek,1
Superior HealthPlan,1
Vsion Technologies Inc,1
Seven Seven Softwares,1
ForgeRock,1
"ARK Solutions, Inc.",1
Simplex,1
Sam Bharath,1
"Spruce Services, Inc",1
Inspire Recruitment Inc.,1
"Treehouse Technology Group, LLC",1
Time Warner Cable,1
TalentCare,1
Nomi Health,1
Ethos,1
Samsung Electronics America Inc,1
OneModel,1
Newormics LLC,1
"Phunware, Inc",1
Cyclex Systems,1
SAS,1
Arm,1
Dimensional Fund Advisors,1
WorldQuant,1
LawnStarter,1
Quantifind,1
Tredence,1
Tesla Motors,1
Humu,1
OSI Engineering,1
Xilinx,1
Sartorius,1
Niantic,1
DiDi Labs,1
Pilot AI,1
Talentry,1
Passage AI,1
"Joomag, Inc.",1
GHG Systems,1
Splunk,1
Telaria,1
ATUM,1
HCL America Inc.,1
Carbon3D,1
Edelman Financial Engines,1
Intelligence Communications and Engineering,1
LeanData,1
Box,1
Kaygen Inc.,1
Hiretual,1
"ITMC Systems, LLC",1
Alteryx,1
Zipongo,1
Chai,1
"Radiansys, Inc.",1
Absolute,1
Astreya,1
Northstar RG,1
"Talent Junction, LLC.",1
Cadence,1
AppLovin,1
Rivian Automotive,1
Sandia National Laboratories,1
Lily AI,1
Verseon,1
Toyota Research Institute,1
"Amick Brown, LLC",1
Dew Software,1
enexusglobal,1
Nextphase Recruiting,1
E Base Technologies,1
Instacart,1
Ignite Digital Services,1
Stefanini North America and APAC,1
Consulting Point,1
Equiliem,1
TieTalent,1
Cadence Design Systems,1
Sonus Software Solutions Inc.,1
Matroid,1
SLAC National Accelerator Laboratory,1
Connor Group,1
"Armada Group, Inc.",1
Power Integrations,1
Staffwing Inc,1
Talent Junction,1
DataStax,1
Akamai,1
Indrasol,1
PETADATA,1
Zolon Tech Solutions Inc.,1
Micron Technology,1
"US Tech Solutions, Inc",1
Jade Global,1
Equinix,1
Gosvea,1
Moveworks,1
Tailored Brands,1
Majoris technologies pvt ltd,1
Swoon,1
Delta Air Lines,1
Publicis Collective,1
Javvy Coffee,1
Equifax,1
National Basketball Association (NBA),1
Foodsmart,1
Youth Power Technosoft LLC,1
NovumHealth,1
"V-Soft Consulting Group, Inc.",1
Casper,1
Crisis Text Line,1
MUSIC & Entertainment,1
Known,1
Aptus Health,1
Pierce Technology Corp,1
Orion Innovation,1
United Entertainment Group,1
Sapphire Digital,1
Decode_M,1
Noom US,1
"Carollo Engineers, Inc.",1
Tenet Healthcare,1
Braze,1
Altimetrik,1
infarm,1
CLEAR,1
IBG LLC,1
Hungryroot,1
WITHIN,1
Enterprise Integration,1
7Park Data,1
PA Consulting,1
NorthOne,1
Conductor,1
UCI,1
DoSomething.org,1
Liberty Lending,1
Mphasis limited,1
TBWA\Chiat\Day,1
Thomas,1
Snappy,1
ubergig,1
DMGT,1
Committee of 100,1
Jun Group Productions LLC,1
The CARIAN Group,1
CKM Advisors,1
Gate Staffing LLC,1
NYC Data Science Academy,1
OneWire,1
Doctors Without Borders | Médecins Sans Frontières,1
Codeacademy,1
CompIQ,1
viagogo,1
Codecademy,1
Tower Research Capital,1
PENNYMAC,1
Forbes Media,1
SHEIN,1
Tradeweb,1
Bloomberg,1
"LivePerson, Inc.",1
One Drop,1
Huxley Banking & Financial Services,1
Metroplus Health Plan,1
Interactive Brokers,1
"Bell & Associates, Inc.",1
Euro Information Developpements / EID,1
Alan,1
Bending Spoons,1
Made Tech,1
HigherVisibility,1
Tealium,1
Smith.ai,1
PDT Partners,1
ICE,1
Visionaire Partners,1
Fivecast,1
Honeywell,1
NIQ for Retail,1
Luminance,1
Cadent,1
The Value Maximizer,1
HYPERPROOF,1
Luxoft,1
Nexxen,1
Workday,1
JFrog,1
Realtor.com,1
Despegar,1
Lams Technology LLC,1
Miratech,1
The Hanover Insurance Group,1
National General Insurance,1
Antenna,1
Delta Dental Ins.,1
Lumenalta,1
Wayfair,1
Itaú Chile,1
Sharaf DG,1
BCD,1
UsefulBI Corporation,1
RxAnte,1
Safran.AI (ex Preligens),1
mc2i,1
Leonar,1
Terna SpA,1
ManTech,1
Peerlogic,1
CCS Global Tech,1
Westfield Insurance,1
Park Place Technologies,1
Capital Rx,1
Buckingham Search,1
R1 RCM,1
Paige,1
Enlightenment Research,1
Ensono,1
Universal Products & Experiences,1
Texas Health and Human Services,1
H-E-B,1
SPECTRAFORCE,1
FutureCare Health,1
Government of Alberta,1
ZayZoon,1
Mercury Insurance Company,1
Amazon.com,1
Bamboo Health,1
Sonepar,1
Centric Software,1
D.A. Davidson Companies,1
Clear Capital,1
CSA,1
Charles Schwab,1
Kitsap Credit Union,1
Miracle Consulting Inc.,1
United Nations,1
Macquarie Group,1
Medly Pharmacy,1
Five Rings Capital,1
DBRS Morningstar,1
ERGO Group,1
DoubleVerify,1
Seated,1
Komodo Health,1
"Take-Two Interactive Software, Inc.",1
"EDO, Inc.",1
NYU Langone Medical Center,1
Group HN - HN Services USA,1
Job Juncture,1
ASB Resources,1
Vera Institute of Justice,1
Teachers Pay Teachers,1
"SpikeIT Global Solutions, Inc.",1
My Job Tank,1
Better.com,1
Hearst Communications,1
First Health Group,1
Colgate-Palmolive,1
Wise Skulls,1
Hadiamondstar Software Solutions LLC,1
WCG,1
Kinship,1
Current,1
Healthfirst,1
Credibly,1
Riskified,1
Northwestern Mutual,1
The Bank of New York Mellon,1
Pinto,1
Sunrise Systems Inc,1
Expatiate Communications,1
Walt Disney Company,1
Neustar,1
ConsumerTrack,1
Ipsos,1
Aviana Global Technologies,1
Hyde Leadership Brooklyn,1
Oaktree Capital Management,1
Beyond Limits,1
Loot Crate,1
PeerStreet,1
Hyperloop Transportation Technologies,1
Wellth Inc.,1
People Tree,1
Magic Brush,1
Headspace,1
Bey,1
Newspaper Administration,1
Bombas,1
Mulberry Technology,1
SoftStandard Solutions,1
Gainful Health,1
Nasdaq,1
Guy Carpenter,1
Starz,1
Mythical Games,1
Hulu,1
Albert (CA),1
Barnabas Health,1
"Nesco Resource, LLC",1
Monkey Algorithms LLC,1
MassMutual,1
Ro,1
InvenTech Info,1
Oliver Wyman,1
Landis,1
NYC Health + Hospitals,1
The Buttonwood Tree,1
Mediaocean,1
Pozent,1
"Akraya, Inc.",1
Catholic Health Services of Long Island,1
Galileo,1
Simple Health,1
Marsh,1
Building Service 32BJ Benefit Funds,1
Biotenico Research and Development Company,1
Mark43,1
Slice (NY),1
"Marsh & McLennan Companies, Inc.",1
Voice,1
Audible,1
Strategic Financial Solutions,1
Line Sniper,1
Carry1st,1
Arena,1
Spring Health,1
Whip Media Group,1
Glean Analytics Inc.,1
Via Transportation,1
The Organic Recruiter,1
1-800-Flowers,1
Fujitsu,1
Altversity,1
Blue Horizon Tek Solutions,1
JAG Capital,1
Ripple,1
Argo Group US,1
Temboo,1
Comtech Global Inc,1
Peloton Interactive,1
Kepler Fi,1
Visiting Nurse Service of New York,1
Healthfirst (New York),1
"TEKREQS, Inc.",1
Simatree,1
B12,1
Havas Worldwide,1
TRANZACT,1
"EDP World, Inc.",1
Prolancer,1
Thryv,1
Arc,1
Icahn School of Medicine at Mount Sinai,1
Vettery,1
HireAi,1
Disney Streaming Services,1
Hawkfish,1
Wisestep,1
CompuForce,1
Amber People,1
Tapad,1
Omada Health,1
Fintech Recruiters,1
NewtonX,1
Alivi,1
Mosaic North America,1
Avant-garde Health,1
Fizz,1
Vimeo,1
SpaceX,1
Spot.IM,1
CooperVision,1
HomeBuddy,1
Lenovo,1
IndusInd Bank,1
Red Hat,1
Eden Smith Group,1
Experian Spanish Latam,1
apm monaco,1
IRIUM,1
Scotiabank,1
Veracity Software Inc,1
Plaid,1
Presidio,1
The Home Depot,1
Alibaba Cloud,1
Middle Seat,1
TechHeads,1
Advansys,1
Interbank,1
SLB,1
Munich Re,1
Banco de Crédito BCP,1
Mondu,1
Intellect Group,1
UK Ministry of Defence,1
Cielo,1
Banque Misr,1
HDFC Bank,1
Conviva,1
OPPO,1
Crisil,1
Gruppo BCC Iccrea,1
Aurum,1
Sodexo,1
Tubi,1
Leader Bank,1
Bombora,1
Sigma,1
***ú ********,1
*** ****** *** ***,1
Paramount Pictures,1
"Clyde Companies, Inc.",1
**********,1
Yape,1
Godrej Agrovet Limited,1
***** *** *****,1
****/***** *******,1
****** *****,1
Ypê,1
Miami HEAT,1
BOX8,1
Samsara,1
Casey's,1
Indiana University Indianapolis,1
Google DeepMind,1
IDEXX,1
Sayari,1
"Lowe's Companies, Inc.",1
Medpace,1
Dario,1
Crédit Agricole CIB,1
The HEINEKEN Company,1
Indigo,1
BlackRock,1
Tech Mahindra Business Process Services,1
SewerAI,1
FurtherAI,1
Finix,1
AMBOSS,1
A.C.Camargo Cancer Center,1
Direcional Engenharia,1
Urban Gym Group,1
University of Warwick,1
Dasa,1
Circle K,1
Protect Group,1
"Goldbelt, Inc.",1
Boston Children's Hospital,1
Momentum,1
State of Idaho,1
Naranja X,1
Observador,1
Tech Mahindra,1
Setel,1
Acadia Healthcare,1
Workshop Digital,1
SBH Fashion,1
alice + olivia,1
Best Buy,1
FIS Global,1
Aicadium,1
American Dream Auto Protect,1
upGrad,1
Logistics Management Institute,1
Intone Networks,1
Equip,1
Brooklinen,1
Hamilton Porter,1
Metric5,1
Anytime Mailbox,1
Kindred,1
Katalyst Healthcares & Life Sciences Inc,1
Booking.com,1
Games24x7,1
i3,1
Bask Health,1
AE Studio,1
Aviture,1
TechOp Solutions International,1
Schbang,1
Skai,1
"OCULUS, Inc.",1
The Arena,1
Disney Music Group,1
Ringside Talent,1
Randstad Life Sciences US,1
Inetum,1
Amartha,1
Simbe,1
Edenred Brasil,1
Propel,1
PT. Medquest Jaya Global,1
noon,1
ODDO BHF,1
Mastek,1
Careem,1
Nixor,1
Nicholson Glover,1
The Energy Authority,1
Aspect Software,1
Airbnb,1
Incedo Inc.,1
Bytez,1
Inizio Partners,1
Rokt,1
Warner Music Group,1
Illumination Works,1
ConnectedX Inc.,1
Charles River Laboratories,1
Lake Trust Credit Union,1
Baselayer,1
Tundra Technical Solutions,1
"OpenArc, LLC.",1
Ultralytics,1
Volkswagen Digital:Hub,1
NRG Energy,1
Spot Freight,1
Strider Technologies,1
Banco Falabella Chile,1
Workana,1
******** *******,1
******* ******,1
nineDots.io,1
Invenia Group,1
Delivery Hero,1
Cairo Bank Uganda,1
Hypersonix Inc.,1
Quantix Search,1
Cititec,1
PROCEPT BioRobotics,1
Caterpillar Inc.,1
Between Technology,1
"Take2 Consulting, LLC",1
Fractal,1
Weekday (YC W21),1
Ambev,1
Tecla T,1
Frávega,1
Banco Sabadell,1
Zurich Insurance,1
FormFactor Inc.,1
Openforce,1
*** ***** *****,1
******* ****** *-****,1
****** ***** *.*.,1
Falabella,1
Cargill,1
****** ****** ************ *** ***,1
*********** **** ***.,1
Cloudwick,1
VentureSoft,1
"Arsenal Biosciences, Inc.",1
Allison Worldwide,1
Minted,1
Peninsula Del Rey,1
"Capstone Logistics, LLC",1
The Bay Club Company,1
Newark Unified School District,1
****** *******,1
"*******, ** *** *******",1
Affirm,1
Expansion,1
****** ** ***,1
***** ***,1
*** ******* ****,1
*** ******,1
Avnet,1
Ustar Education(Onsite),1
Target Optical,1
StretchLab- Irvine Spectrum,1
Solar Swim,1
A & J Fencing,1
Cagwin & Dorward,1
"**** ********* *****, * *** *******",1
******** *********,1
**** *********** ********,1
"Pyramid Consulting, Inc",1
JANUS Research Group,1
Brooksource,1
Endeavor,1
The Walt Disney Studios,1
Healthcare.com,1
Forest Lawn Memorial Parks and Mortuaries,1
Forbes Advisor,1
ActivTrak,1
Concord,1
moomoo,1
TTC Group,1
A-Line Staffing Solutions,1
Equitable,1
Vevo,1
AppsFlyer,1
Vertisystem,1
Commonwealth of Kentucky,1
Covetus,1
"Delphi-US, LLC - Peacemakers in the Talent War",1
Howmet Aerospace,1
Aureon Consulting,1
Key Benefit Administrators,1
Heluna Health,1
"Cape Henry Associates, Acquired by JANUS Research Group",1
Boost Mobile,1
"Ryan Companies US, Inc.",1
******* *******,1
****** (*** ***** ****** ****** *******),1
Datarisk,1
"************, ***",1
NBCUniversal,1
"H3C, LLC",1
Connective Talent,1
Huntley Community School District 158,1
Connect Tech+Talent,1
FM Talent,1
Zenith,1
PicPay,1
Mitchell Martin Inc.,1
McMaster-Carr,1
Korn Ferry,1
天风证券股份有限公司,1
enable Technology,1
Lagardère Travel Retail,1
Apside,1
BrightCHAMPS,1
TIME dotCom Berhad,1
Instituto Goiano de Oncologia e Hematologia (INGOH),1
La Poste Groupe,1
Vallourec,1
Envoy,1
Starcom,1
Jake Taylor,1
Engine,1
Malk Partners,1
Yext,1
DHL Supply Chain,1
Corporate Tools,1
SJRC Texas | Belong,1
GrowthAssistant,1
QuanTech Partners,1
Como,1
Apna Mart,1
Helic & Co.,1
Laborde Products,1
Accel Entertainment,1
SCA Health,1
California Department of Public Health,1
Peterson Sullivan,1
Sunmerge Systems Inc,1
Mindteck US,1
Alliant Group,1
Hexagon PPM,1
Virtus Partners LLC,1
Kelsey Seybold Clinic,1
Opendoor,1
American Institute of Aeronautics and Astronautics,1
Catalent Pharma,1
Texas Dow Employees Credit Union,1
"Mobile Math, LLC",1
Servient,1
Crawford Thomas Recruiting,1
Corporate,1
"Infogium Technologies, LLC",1
Weston Solutions Inc.,1
E&A,1
Sun and Ski Sports,1
MD Anderson Cancer Center,1
AstuteOne,1
HashMap*,1
U.S. & Texas LawShield,1
PAC,1
The Jupiter Group,1
Raba-Kistner,1
"alliantgroup, LP",1
"Technet, LLC",1
Kelsey-Seybold Medical Group,1
K.A.T.N d/b/a Texas Tool Belt,1
Texas Transportation Institute,1
PinnacleART,1
"Alpha Net Consulting, LLC",1
Ascend Performance Materials,1
The University of Texas Medical Branch,1
fulcrum worldwide,1
Soaren Management,1
Vaco Technology,1
Corbins Electric,1
"Berkeley Research Group, LLC",1
EXL,1
Microtek Digital LLC,1
Zazzle,1
Gatestone & Co. Inc,1
Terascope,1
Parker & Lynch,1
PennyMac,1
Blue Cross Blue Shield of Arizona,1
Town of Gilbert,1
Exact Sciences Corporation,1
technology,1
Talbridge Corporation,1
AllRedi,1
m1neral,1
Itbrainiac,1
Raspberry Pi Foundation,1
Itaú Unibanco,1
Robinhood,1
Crown Castle USA Inc,1
Disney Entertainment,1
Matlen Silver,1
Veho,1
Paramount,1
ID.me,1
Offerpad,1
Integrate,1
Irvine Technology Corporation (ITC),1
ConglomerateIT,1
CGG Veritas,1
Aramco Services Company,1
Halliburton,1
"Baker Tilly Virchow Krause, LLP",1
IlliniCare Health Plan,1
HIMSS,1
Pareto Systems,1
Kantar,1
Invesco,1
"OraSure Technologies, Inc.",1
cPanel,1
Smith and Associates,1
Techwave Consulting Inc.,1
Baylor College of Medicine,1
University of Houston,1
RiceTec,1
Genesys Talent,1
Next Step Systems,1
SIMPLIFIED IT SOLUTIONS Inc,1
LiveRamp,1
RiverPoint,1
Publicis Groupe,1
WIN Home Inspection,1
Parallel Partners,1
National Oilwell Varco,1
Foresight ROI,1
Informatic Technologies Inc,1
Infoway Software,1
"Stampede Meat, Inc.",1
N.F. Smith & Associates,1
Alphascript Pharmacy,1
CGG,1
Sercel,1
PDI Software,1
CalypsoAI,1
HealthHelp,1
S & R Professionals,1
GoExpedi,1
GeoDigital,1
Arthur Lawrence,1
ForeFlight,1
Dascena,1
AspenTech,1
Doelsoft,1
Golder,1
CDM Smith,1
Natus Medical,1
BBC,1
Network Recruitment,1
SMi Engineering,1
Luminess Cosmetics,1
Walker Elliott,1
"Simplex info systems Inc,",1
McLane Global,1
April Health,1
Houston Exponential,1
Management Solutions,1
"Avetta, LLC",1
Crown Castle,1
OCBC Indonesia,1
"TelligenTech, Inc",1
H-GAC,1
Cyentech,1
PureFuel,1
PingWind Inc. (SDVOSB),1
Wolt,1
Enjins,1
CPP Investments | Investissements RPC,1
Houston-Galveston Area Council,1
Children's Hospital of Philadelphia,1
Maestro Technologies,1
STEVENS CAPITAL MANAGEMENT,1
Net2Source Inc.,1
Acurian,1
Chubb,1
Principia Consulting,1
Modis,1
GHR Technology,1
STRATIS IoT Inc,1
"QVC, Inc.",1
Temple University,1
InterDigital Communications Corporation,1
WalkerHealthcareIT,1
Jornaya,1
"Riffyn, Inc",1
DMA Associates,1
TekShapers,1
Auritas LLC,1
APN Staffing & Employment Solutions,1
Blue Rose Technologies,1
"AOC Solutions, Inc.",1
"Cable One, Inc.",1
U-Haul,1
United BioSource,1
"DriveTime Automotive Group, Inc.",1
Matrix Medical Network,1
Stratagem Group,1
MarkMonitor,1
HBSE,1
Veritis Group,1
Avanceon Lp,1
Philadelphia 76ers,1
Kollasoft Inc.,1
Slyce,1
Ampcus Incorporated,1
PMHCC Inc.,1
IsoPlexis,1
Turnberry Solutions,1
piano.io,1
Penn National Gaming,1
Staffing the Universe,1
ConnectiveRx,1
Citygate Automotive Ltd,1
"Beacon Hill Staffing Group, LLC",1
Philadelphia District Attorney's Office,1
TDI Technologies Inc.,1
"MetaSense, Inc.",1
"iTech Solutions, Inc",1
Micro-Data Systems Inc.,1
Cambridge Advisory Group,1
Red Tettemer,1
"Penn National Gaming, Inc.",1
NewRez,1
ZS Associates,1
"Partners Consulting, Inc.",1
Clarivate Analytics,1
"Becker Technical Staffing, Inc.",1
Adaptimmune Ltd,1
WebbMason Analytics,1
Community Behavioral Health,1
City of Philadelphia,1
"VSE, Inc.",1
Techligent,1
Alpha Consulting,1
Tandigm Health LLC,1
Eastern Metal Recycling,1
Dextro Software Systems,1
Revantage Corporate Services,1
Edupoint,1
Net Orbit Inc,1
22nd Century Staffing,1
StateServ,1
PetSmart,1
TriWest Healthcare Alliance,1
Blue Rose Technologies LLC,1
Allstate Insurance Company,1
Eurofins USA PSS Insourcing Solutions,1
Career Evolutions,1
Equity Methods,1
Envision Physician Services,1
DEREX TECHNOLOGIES INC.,1
Strategic Systems,1
Bartech Group,1
Enexus Global,1
O'Reilly Automotive,1
NAGRA (Kudelski Group),1
TechHuman,1
CalTech IT Solution Private Limited,1
Viasat,1
Oscar Health,1
University of Phoenix,1
Desert Financial,1
"Sundance Consulting, Inc.",1
Digital dhara,1
Sanford Federal,1
Sprouts Farmers Market,1
Clairvoyant,1
Crisis Response Network,1
Intel Corp.,1
Siemens Healthineers,1
Door Sales & Installations,1
Minit Charger,1
"Airetel Staffing, Inc",1
circle k,1
Stantec,1
"STM Consulting, Inc.",1
NXP Semiconductors,1
StrongMind,1
Impetus,1
MLWIZ Team,1
Green Lion Search Group,1
Pure Flix Digital,1
Siemens,1
"Capgemini America, Inc.",1
Na Ali'i,1
ISGIT,1
InterSources Inc.,1
Tech One IT,1
AUDACIOUS STUDIOS LLC,1
VincentBenjamin,1
Envision Healthcare,1
Desert Choice Transport,1
Isaac Elementary School District #5,1
Swift Refrigerated,1
Phoenix Children's Hospital,1
Arizona Department of Public Safety,1
The Judge Group,1
Pegasus Knowledge Solutions,1
Swift Corporate,1
Kineticom,1
"Resourcesoft, Inc.",1
Axon,1
Metasys Technologies,1
COPA Health,1
Cable One,1
Shamrock Foods,1
Vegatron Systems,1
Nasa Jet Propulsion Laboratory,1
Odesus,1
NxT Level,1
Farmers & Merchants Bank,1
Yorke Engineering,1
NextDeavor Services,1
TrueCar,1
Centric Consulting,1
BioDiscovery Inc,1
"EMINENT, INC.",1
Riot Games,1
Provivi,1
TransPerfect,1
T.H.E. Health & Wellness Centers,1
Login Consulting Services,1
Cadreon,1
Arize Corporation,1
Burst Oral Care,1
Tripalink,1
Molina Healthcare,1
"Recargo, Inc., makers of PlugShare",1
Unilever,1
Systech Business Solutions,1
LEAPROS,1
Blue Shield of California,1
Ledgent Technology,1
TVGla,1
Activision Publishing,1
UltraHealth Agency,1
Agilisium LLC,1
Bloomstaff,1
Stamps.com,1
"Myst Therapeutics, Inc.",1
Sense360,1
The Climate Corporation,1
Wintrust Financial,1
Magnetar Capital,1
Relativity,1
Wolverine Trading,1
XSELL Technologies,1
Covance,1
Warner Media LLC,1
AHMC Healthcare,1
Age of Learning,1
The Loot Company,1
INSPIRE IT Solutions,1
Advantage Resourcing,1
Barstool Sports,1
Wealthfront,1
CXC,1
LetsGetChecked,1
Oxford Road,1
Cloud Data Systems Inc,1
AIDS Healthcare Foundation,1
Catasys Health,1
Sense 360,1
Bloom Ads Global Media Group,1
Retention Science,1
California Hospital Medical Center,1
To Help Everyone Health & Wellness Centers,1
Techstyle Group LLC,1
Farmers Insurance,1
FabFitFun,1
"Aviana Global Technologies, Inc",1
Oakwood Search - CHURN,1
SCAN Health Plan,1
DISQO,1
Akraya Inc.,1
Ad.net,1
Guggenheim Partners,1
Expertise LLC,1
tiket.com,1
Idealab,1
Langan Engineering and Environmental Services,1
Genentech,1
Computershare,1
Beyond Meat,1
AccessHope,1
V Group Inc.,1
HITRECORD,1
First Professional Services,1
"iSpace, Inc",1
Los Angeles County,1
TutorMe,1
"Relevante, Inc.",1
Gurucul,1
Anchor Loans LP,1
Procter & Gamble,1
Commonwealth Bank,1
Mphasis,1
Samba TV,1
Chevron,1
Molecular Instruments,1
Kharon,1
Dot818,1
PUBG Santa Monica,1
Warner Bros. Entertainment,1
CodeForce 360,1
HireTalent,1
Connect International,1
Signal Sciences,1
Persistent Systems,1
Swinerton Builders,1
Center For Policing Equity,1
Tillster,1
JM Eagle,1
WhatsApp,1
PlayQ,1
MyLife.com,1
UCLA Extension,1
"Adroit Worldwide Media, Inc. (AWM Smart Shelf)",1
"Dave, Inc.",1
Tangerine Search Inc,1
Metropolis,1
ProSearch Strategies,1
Trovetechs Inc,1
DatamanUSA,1
Elever Professional,1
Analog Devices,1
J. Paul Getty Trust,1
Superior Court of California County of Los Angeles,1
ZEFR,1
Tapcart,1
Dollar Shave Club,1
Cenergy,1
Scale Media,1
Home Life Connect / Strategic Planning Monaco,1
UtopiaCompression Corporation,1
The Wonderful Company,1
12traits,1
Direct Agents,1
Arete Associates Inc,1
"Icon Media Direct, Inc.",1
Casting Networks,1
Icon Media Direct,1
ServiceTitan,1
Tilde Staff Inc.,1
Jex - Recruitment for scaling businesses,1
Renault Digital,1
i-Pharm Consulting,1
Immersum,1
Capgemini Engineering,1
"Mastery Logistics Systems, Inc.",1
"Relevante, Inc",1
Krungthai Bank,1
TalentDash,1
Trident Consulting,1
BenchPrep,1
Old World Industries,1
Chamberlain Group Inc,1
Kani Solutions,1
West Monroe Partners,1
Sinai Health System,1
KeyBank National Association,1
Belvedere Trading,1
Hornblower Cruises and Events,1
First Stop Health,1
Centro,1
"Puyenpa Services, LLC",1
Brad's Deals,1
NICE Systems,1
Discovery Limited,1
HR Pundits,1
SkySource Solutions,1
CGN Global,1
Wavicle Data Solutions LLC,1
KPMG España,1
Sigma Suisse,1
Astria Digital,1
FNB South Africa,1
TalentCraft,1
Open Systems Technologies (NYC),1
JLL,1
Kelly Mitchell Group,1
University of Illinois at Chicago,1
BankFinancial,1
MillerCoors,1
OSF Healthcare System,1
Concurrency,1
"Veterans Affairs, Veterans Health Administration",1
Epiq Systems,1
1871 Member Companies,1
Kershner Trading Group,1
Metropolitan Family Services,1
Avanciers,1
Paul May & Associates,1
Marcel Media,1
PatientIQ,1
Circana,1
roadsurfer,1
"Fast Switch, LTD",1
VIVA USA INC,1
Northern Trust,1
Martin-Brower,1
PeopleReady,1
Reyes Beer Division,1
Wavicle Data,1
Antuit,1
Athletico,1
PK,1
"ePromptus,Inc",1
STATS,1
MRINetwork,1
Flexport,1
Rush University Medical Center,1
VIVA 5,1
Argonne National Laboratory,1
Hale Testing Solutions,1
DW Simpson,1
BCforward,1
iManage,1
5thColumn,1
Fisec Global,1
"UL, LLC",1
FNA,1
"Sunrise Futures, LLC",1
Kraken Digital Asset Exchange,1
1-800-Flowers.com,1
Underwriters Laboratories,1
Circle Logistics,1
Nielsen,1
Alcatraz Cruises,1
Green Key Technologies,1
Camping World,1
Seer,1
SWITS DIGITAL Private Limited,1
LogicMatrix,1
Sagence,1
"SPINS, LLC",1
Cboe Global Markets,1
NCSA - Next College Student Athlete,1
KesarWeb,1
Goby Inc,1
Nordstrom,1
Sutoer,1
Fetch Rewards,1
Kraft Heinz Company,1
Goodway Group,1
Waystar,1
Mike's Hard Lemonade,1
MDLIVE Inc,1
"TEKsystems, Inc",1
Fooda,1
Alliant Credit Union,1
Ann & Robert H. Lurie Children's Hospital of Chicago,1
MT Global US INC,1
VillageMD,1
Unicom Technologies INC,1
Zai Global,1
Involgix,1
Riskonnect Inc,1
KBS Solutions,1
Apervita,1
Cepoch,1
El Hogar del Nino - The Home of the Child,1
UST Global,1
Arrive,1
Nuveen,1
STATS LLC,1
"Smart Synergies, Inc.",1
MessageControl,1
Ferrara Candy Company,1
Kehe,1
Aerotek,1
Morningstar,1
Exelon,1
The University of Chicago,1
Strive Consulting,1
TreeHouse Foods,1
Akuna Capital,1
Medix,1
Spectrum Communications and Consulting,1
Feeding America,1
3Red Partners,1
Peterson Technology Partners,1
